date_logged,sport,matchup,game_date,pick,pitcher,price,edge_pct,win_prob_pct,confidence,num_books,reasoning,result,date_graded,bet_type,line
2026-07-08,baseball_mlb,Chicago Cubs @ Baltimore Orioles,,Chicago Cubs,,2.09,15.1,55.1,79,9,,WIN,2026-07-09,,
2026-07-08,baseball_mlb,Athletics @ Detroit Tigers,,Athletics,,2.34,17.2,50.0,84,9,,LOSS,2026-07-09,,
2026-07-08,baseball_mlb,Atlanta Braves @ Pittsburgh Pirates,,Atlanta Braves,,2.02,7.1,53.1,62,9,,WIN,2026-07-09,,
2026-07-08,baseball_mlb,Seattle Mariners @ Miami Marlins,,Miami Marlins,,2.18,12.4,51.5,65,1,,WIN,2026-07-09,,
2026-07-08,baseball_mlb,Houston Astros @ Washington Nationals,,Houston Astros,,2.18,7.1,49.2,59,9,,LOSS,2026-07-09,,
2026-07-08,baseball_mlb,Cleveland Guardians @ Minnesota Twins,,Cleveland Guardians,,2.14,9.4,51.1,69,9,,LOSS,2026-07-09,,
2026-07-08,baseball_mlb,Los Angeles Angels @ Texas Rangers,,Los Angeles Angels,,2.36,3.1,43.6,53,9,,LOSS,2026-07-09,,
2026-07-08,baseball_mlb,Colorado Rockies @ Los Angeles Dodgers,,Colorado Rockies,,2.91,10.8,38.1,65,8,,LOSS,2026-07-09,,
2026-07-09,baseball_mlb,Athletics @ Detroit Tigers,"Jul 09, 2026 10:41 PM UTC",Detroit Tigers,Framber Valdez,1.8,9.0,60.5,66,9,x,WIN,2026-07-10,,
2026-07-09,baseball_mlb,Seattle Mariners @ Miami Marlins,"Jul 09, 2026 10:41 PM UTC",Seattle Mariners,Bryce Miller,1.79,2.3,57.1,54,9,x,LOSS,2026-07-10,,
2026-07-09,baseball_mlb,Milwaukee Brewers @ St. Louis Cardinals,"Jul 09, 2026 11:46 PM UTC",Milwaukee Brewers,Logan Henderson,1.74,-0.4,57.3,53,9,x,WIN,2026-07-10,,
2026-07-09,baseball_mlb,Los Angeles Angels @ Texas Rangers,"Jul 10, 2026 12:06 AM UTC",Texas Rangers,Nathan Eovaldi,1.74,-2.2,56.4,52,9,x,WIN,2026-07-10,,
2026-07-09,baseball_mlb,Colorado Rockies @ San Francisco Giants,"Jul 10, 2026 01:46 AM UTC",San Francisco Giants,Carson Whisenhunt,1.77,-2.1,55.3,50,9,x,WIN,2026-07-10,,
2026-07-10,baseball_mlb,Philadelphia Phillies @ Detroit Tigers,"Jul 10, 2026 10:41 PM UTC",Detroit Tigers,Jack Flaherty,1.85,2.5,55.3,55,9,x,WIN,2026-07-11,,
2026-07-10,baseball_mlb,Kansas City Royals @ Baltimore Orioles,"Jul 10, 2026 11:06 PM UTC",Baltimore Orioles,Brandon Young,1.67,-0.7,59.3,54,9,x,WIN,2026-07-11,,
2026-07-10,baseball_mlb,Seattle Mariners @ Tampa Bay Rays,"Jul 10, 2026 11:11 PM UTC",Tampa Bay Rays,Nick Martinez,1.84,6.7,57.8,62,9,x,WIN,2026-07-11,,
2026-07-10,baseball_mlb,Boston Red Sox @ New York Mets,"Jul 10, 2026 11:16 PM UTC",Boston Red Sox,Sonny Gray,2.28,27.2,55.9,68,9,x,WIN,2026-07-11,,
2026-07-10,baseball_mlb,Athletics @ Chicago White Sox,"Jul 10, 2026 11:41 PM UTC",Chicago White Sox,Sean Burke,1.64,8.5,66.2,70,9,x,WIN,2026-07-11,,
2026-07-10,baseball_mlb,Los Angeles Angels @ Minnesota Twins,"Jul 11, 2026 12:11 AM UTC",Minnesota Twins,Zebby Matthews,1.68,5.4,62.6,63,9,x,LOSS,2026-07-11,,
2026-07-10,baseball_mlb,Atlanta Braves @ St. Louis Cardinals,"Jul 11, 2026 12:16 AM UTC",Atlanta Braves,Chris Sale,1.62,-4.1,59.3,54,9,x,LOSS,2026-07-11,,
2026-07-10,baseball_mlb,Colorado Rockies @ San Francisco Giants,"Jul 11, 2026 02:16 AM UTC",San Francisco Giants,Robbie Ray,1.66,4.8,63.2,63,9,x,WIN,2026-07-11,,
2026-07-11,baseball_mlb,Milwaukee Brewers @ Pittsburgh Pirates,"Jul 11, 2026 08:06 PM UTC",Milwaukee Brewers,Shane Drohan,1.76,4.4,59.2,60,9,x,LOSS,2026-07-12,,
2026-07-11,baseball_mlb,Athletics @ Chicago White Sox,"Jul 11, 2026 06:11 PM UTC",Chicago White Sox,Bryan Hudson,1.83,11.8,61.1,69,9,x,WIN,2026-07-12,,
2026-07-11,baseball_mlb,Los Angeles Angels @ Minnesota Twins,"Jul 11, 2026 06:11 PM UTC",Minnesota Twins,Joe Ryan,1.58,4.2,66.1,64,9,x,LOSS,2026-07-12,,
2026-07-11,baseball_mlb,Kansas City Royals @ Baltimore Orioles,"Jul 11, 2026 11:06 PM UTC",Baltimore Orioles,Kyle Bradish,1.65,-3.0,58.9,54,9,x,WIN,2026-07-12,,
2026-07-11,baseball_mlb,Atlanta Braves @ St. Louis Cardinals,"Jul 11, 2026 11:15 PM UTC",Atlanta Braves,Reynaldo López,1.94,17.3,60.4,72,9,x,LOSS,2026-07-12,,
2026-07-11,baseball_mlb,Toronto Blue Jays @ San Diego Padres,"Jul 12, 2026 12:41 AM UTC",Toronto Blue Jays,Trey Yesavage,1.95,13.2,58.1,71,9,x,WIN,2026-07-12,,
2026-07-12,baseball_mlb,Kansas City Royals @ Baltimore Orioles,"Jul 12, 2026 05:36 PM UTC",Baltimore Orioles,Shane Baz,1.66,-4.2,57.6,53,9,x,WIN,2026-07-12,,
2026-07-12,baseball_mlb,Boston Red Sox @ New York Mets,"Jul 12, 2026 05:41 PM UTC",Boston Red Sox,Payton Tolle,1.89,10.6,58.4,67,9,x,WIN,2026-07-12,,
2026-07-12,baseball_mlb,Colorado Rockies @ San Francisco Giants,"Jul 12, 2026 08:06 PM UTC",San Francisco Giants,Trevor McDonald,1.7,-3.7,56.7,52,9,x,WIN,2026-07-12,,
2026-07-16,baseball_mlb,New York Mets @ Philadelphia Phillies,"Jul 16, 2026 11:11 PM UTC",New York Mets,Christian Scott,2.12,16.6,55.1,71,9,x,WIN,2026-07-17,,
2026-07-17,baseball_mlb,San Diego Padres @ Kansas City Royals,"Jul 18, 2026 12:11 AM UTC",San Diego Padres,Michael King,1.87,7.5,57.5,62,9,x,LOSS,2026-07-18,,
2026-07-17,baseball_mlb,Detroit Tigers @ Los Angeles Angels,"Jul 18, 2026 01:39 AM UTC",Detroit Tigers,Troy Melton,1.89,15.2,61.0,74,9,x,WIN,2026-07-18,,
2026-07-17,baseball_mlb,Washington Nationals @ Athletics,"Jul 18, 2026 01:41 AM UTC",Washington Nationals,Cade Cavalli,1.94,6.8,55.2,59,9,x,WIN,2026-07-18,,
2026-07-18,baseball_mlb,Chicago White Sox @ Toronto Blue Jays,"Jul 18, 2026 07:08 PM UTC",Chicago White Sox,Davis Martin,1.95,19.4,61.4,72,9,x,WIN,2026-07-18,,
2026-07-18,baseball_mlb,Texas Rangers @ Atlanta Braves,"Jul 18, 2026 08:11 PM UTC",Atlanta Braves,Owen Murphy,1.88,5.2,55.8,59,9,x,WIN,2026-07-18,,
2026-07-18,baseball_mlb,Tampa Bay Rays @ Boston Red Sox,"Jul 18, 2026 08:11 PM UTC",Boston Red Sox,Patrick Sandoval,1.88,9.3,58.2,65,9,x,WIN,2026-07-18,,
2026-07-18,baseball_mlb,San Diego Padres @ Kansas City Royals,"Jul 18, 2026 08:11 PM UTC",Kansas City Royals,Randy Dobnak,1.95,8.0,55.4,61,9,x,WIN,2026-07-18,,
2026-07-18,baseball_mlb,Detroit Tigers @ Los Angeles Angels,"Jul 19, 2026 02:08 AM UTC",Detroit Tigers,Tarik Skubal,1.51,-2.0,64.7,58,9,x,WIN,2026-07-18,,
2026-07-19,baseball_mlb,Tampa Bay Rays @ Boston Red Sox,"Jul 19, 2026 05:36 PM UTC",Boston Red Sox,Sonny Gray,1.82,0.4,55.2,53,9,x,WIN,2026-07-19,,
2026-07-19,baseball_mlb,Washington Nationals @ Athletics,"Jul 19, 2026 08:06 PM UTC",Washington Nationals,Foster Griffin,1.71,16.2,68.1,80,9,x,WIN,2026-07-19,,
2026-07-19,baseball_mlb,Detroit Tigers @ Los Angeles Angels,"Jul 19, 2026 08:08 PM UTC",Detroit Tigers,Casey Mize,1.65,10.2,67.0,72,9,x,LOSS,2026-07-19,,
2026-07-20,baseball_mlb,San Diego Padres @ Atlanta Braves,"Jul 20, 2026 11:16 PM UTC",Atlanta Braves,Bryce Elder,1.76,-0.4,56.5,51,9,x,WIN,2026-07-21,,
2026-07-20,baseball_mlb,Washington Nationals @ Colorado Rockies,"Jul 21, 2026 12:41 AM UTC",Washington Nationals,Andrew Alvarez,1.82,13.2,62.2,73,9,x,WIN,2026-07-21,,
2026-07-21,baseball_mlb,San Diego Padres @ Atlanta Braves,"Jul 21, 2026 11:16 PM UTC",Atlanta Braves,Reynaldo López,1.71,3.9,60.7,60,9,Atlanta Braves gets a start from Reynaldo López (3.5 ERA); brings a stronger offense (4.97 vs 4.07 runs/game); backed by the #1 bullpen in MLB (2.76 ERA); has been strong at home this season (61%); holds the better season record (58% vs 49%).,LOSS,2026-07-22,,
2026-07-21,baseball_mlb,Miami Marlins @ Houston Astros,"Jul 22, 2026 12:11 AM UTC",Miami Marlins,Tyler Phillips,2.07,20.9,58.5,74,9,Miami Marlins gets a start from Tyler Phillips (3.48 ERA); backed by the #24 bullpen in MLB (4.15 ERA); holds the better season record (51% vs 47%).,LOSS,2026-07-22,,
2026-07-21,baseball_mlb,Washington Nationals @ Colorado Rockies,"Jul 22, 2026 12:41 AM UTC",Washington Nationals,Miles Mikolas,1.92,6.6,55.7,61,9,"Washington Nationals gets a start from Miles Mikolas (5.53 ERA); brings a stronger offense (5.47 vs 4.77 runs/game); backed by the #30 bullpen in MLB (6.25 ERA); is playing better lately (5-5 in their last 10); has been strong on the road this season (62%); holds the better season record (50% vs 39%). Game at a hitter-friendly park (factor 118), expect added scoring variance.",LOSS,2026-07-22,,
2026-07-21,baseball_mlb,St. Louis Cardinals @ Los Angeles Angels,"Jul 22, 2026 01:39 AM UTC",Los Angeles Angels,Walbert Ureña,1.94,9.8,56.5,65,9,Los Angeles Angels gets a start from Walbert Ureña (2.88 ERA); backed by the #16 bullpen in MLB (3.7 ERA).,WIN,2026-07-22,,
2026-07-22,baseball_mlb,Los Angeles Dodgers @ Philadelphia Phillies,"Jul 22, 2026 10:40 PM UTC",Los Angeles Dodgers,Eric Lauer,1.84,6.2,57.7,62,9,Los Angeles Dodgers gets a start from Eric Lauer (4.81 ERA); brings a stronger offense (5.16 vs 4.34 runs/game); backed by the #3 bullpen in MLB (3.1 ERA); has been strong on the road this season (63%); hits righties well this season (0.782 OPS); holds the better season record (62% vs 54%).,WIN,2026-07-23,,
2026-07-22,baseball_mlb,Miami Marlins @ Houston Astros,"Jul 23, 2026 12:11 AM UTC",Houston Astros,Peter Lambert,1.84,1.3,55.0,52,9,Houston Astros gets a start from Peter Lambert (3.03 ERA); backed by the #19 bullpen in MLB (3.77 ERA); is playing better lately (4-6 in their last 10).,WIN,2026-07-23,,
2026-07-23,baseball_mlb,Tampa Bay Rays @ Toronto Blue Jays,"Jul 23, 2026 07:08 PM UTC",Tampa Bay Rays,Ian Seymour,1.92,12.1,58.3,69,9,Tampa Bay Rays gets a start from Ian Seymour (4.79 ERA); backed by the #23 bullpen in MLB (4.09 ERA); brings a stronger offense (4.53 vs 3.94 runs/game); is playing better lately (5-5 in their last 10); holds the better season record (58% vs 45%).,LOSS,2026-07-24,,
2026-07-24,baseball_mlb,New York Yankees @ Philadelphia Phillies,"Jul 24, 2026 10:46 PM UTC",New York Yankees,Cam Schlittler,2.16,23.1,56.9,71,9,New York Yankees gets a start from Cam Schlittler (2.2 ERA); backed by the #1 bullpen in MLB (2.84 ERA); is playing better lately (7-3 in their last 10); has been strong on the road this season (58%).,WIN,2026-07-25,,
2026-07-24,baseball_mlb,Los Angeles Dodgers @ New York Mets,"Jul 24, 2026 11:11 PM UTC",Los Angeles Dodgers,Roki Sasaki,1.74,-2.0,56.4,51,9,Los Angeles Dodgers brings a stronger offense (5.19 vs 4.07 runs/game); gets a start from Roki Sasaki (4.98 ERA); backed by the #3 bullpen in MLB (3.13 ERA); holds the better season record (63% vs 41%); has been strong on the road this season (64%).,WIN,2026-07-25,,
2026-07-24,baseball_mlb,Toronto Blue Jays @ Boston Red Sox,"Jul 24, 2026 11:16 PM UTC",Boston Red Sox,Patrick Sandoval,1.78,-0.7,55.7,51,9,"Boston Red Sox is playing better lately (9-1 in their last 10); backed by the #4 bullpen in MLB (3.19 ERA); holds the better season record (51% vs 45%). Game at a hitter-friendly park (factor 108), expect added scoring variance.",WIN,2026-07-25,,
2026-07-24,baseball_mlb,Houston Astros @ Chicago White Sox,"Jul 24, 2026 11:41 PM UTC",Chicago White Sox,Davis Martin,1.76,0.3,57.0,53,9,Chicago White Sox gets a start from Davis Martin (3.31 ERA); backed by the #8 bullpen in MLB (3.28 ERA); is playing better lately (7-3 in their last 10); has been strong at home this season (64%); holds the better season record (53% vs 48%).,LOSS,2026-07-25,,
2026-07-24,baseball_mlb,Seattle Mariners @ Texas Rangers,"Jul 25, 2026 12:06 AM UTC",Seattle Mariners,Bryce Miller,1.86,3.2,55.5,56,9,Seattle Mariners gets a start from Bryce Miller (2.27 ERA); backed by the #5 bullpen in MLB (3.22 ERA).,LOSS,2026-07-25,,
2026-07-24,baseball_mlb,Athletics @ Minnesota Twins,"Jul 25, 2026 12:11 AM UTC",Minnesota Twins,Zebby Matthews,1.7,1.0,59.3,56,9,Minnesota Twins gets a start from Zebby Matthews (5.4 ERA); is playing better lately (5-5 in their last 10); backed by the #20 bullpen in MLB (3.85 ERA); holds the better season record (49% vs 42%).,LOSS,2026-07-25,,
2026-07-24,baseball_mlb,Los Angeles Angels @ San Francisco Giants,"Jul 25, 2026 02:16 AM UTC",San Francisco Giants,Logan Webb,1.59,-4.9,59.9,55,9,"San Francisco Giants gets a start from Logan Webb (3.87 ERA); backed by the #14 bullpen in MLB (3.45 ERA). Game at a pitcher-friendly park (factor 94), lower-scoring environment likely.",WIN,2026-07-25,,
2026-07-25,baseball_mlb,Los Angeles Angels @ San Francisco Giants,"Jul 25, 2026 08:06 PM UTC",San Francisco Giants,Robbie Ray,1.78,8.5,61.1,66,9,"San Francisco Giants gets a start from Robbie Ray (3.33 ERA); backed by the #13 bullpen in MLB (3.47 ERA). Game at a pitcher-friendly park (factor 94), lower-scoring environment likely.",WIN,2026-07-26,,
2026-07-25,baseball_mlb,Toronto Blue Jays @ Boston Red Sox,"Jul 25, 2026 08:11 PM UTC",Boston Red Sox,Sonny Gray,1.93,8.1,56.0,61,9,"Boston Red Sox is playing better lately (9-1 in their last 10); gets a start from Sonny Gray (2.48 ERA); backed by the #7 bullpen in MLB (3.28 ERA); holds the better season record (52% vs 45%). Game at a hitter-friendly park (factor 108), expect added scoring variance.",LOSS,2026-07-26,,
2026-07-25,baseball_mlb,Houston Astros @ Chicago White Sox,"Jul 25, 2026 11:11 PM UTC",Chicago White Sox,Sean Burke,1.81,-0.1,55.3,51,9,Chicago White Sox gets a start from Sean Burke (3.2 ERA); backed by the #11 bullpen in MLB (3.36 ERA); is playing better lately (7-3 in their last 10); has been strong at home this season (63%); holds the better season record (52% vs 48%).,LOSS,2026-07-26,,
2026-07-25,baseball_mlb,Los Angeles Dodgers @ New York Mets,"Jul 25, 2026 11:16 PM UTC",Los Angeles Dodgers,Yoshinobu Yamamoto,1.65,-3.0,58.7,53,9,Los Angeles Dodgers brings a stronger offense (5.18 vs 4.05 runs/game); gets a start from Yoshinobu Yamamoto (2.78 ERA); backed by the #3 bullpen in MLB (3.14 ERA); holds the better season record (63% vs 41%); is playing better lately (5-5 in their last 10); has been strong on the road this season (64%); hits righties well this season (0.785 OPS).,WIN,2026-07-26,,
2026-07-26,baseball_mlb,Toronto Blue Jays @ Boston Red Sox,"Jul 26, 2026 05:36 PM UTC",Boston Red Sox,Ranger Suarez,1.74,3.9,59.7,59,9,"Boston Red Sox is playing better lately (8-2 in their last 10); gets a start from Ranger Suarez (3.15 ERA); backed by the #7 bullpen in MLB (3.26 ERA); holds the better season record (51% vs 45%). Game at a hitter-friendly park (factor 108), expect added scoring variance.",WIN,2026-07-27,,
2026-07-26,baseball_mlb,Los Angeles Dodgers @ New York Mets,"Jul 26, 2026 05:41 PM UTC",Los Angeles Dodgers,Emmet Sheehan,1.64,-2.3,59.5,54,9,Los Angeles Dodgers brings a stronger offense (5.17 vs 4.04 runs/game); gets a start from Emmet Sheehan (5.13 ERA); is playing better lately (6-4 in their last 10); backed by the #4 bullpen in MLB (3.18 ERA); holds the better season record (63% vs 41%); has been strong on the road this season (65%); hits righties well this season (0.784 OPS).,LOSS,2026-07-27,,
2026-07-26,baseball_mlb,Athletics @ Minnesota Twins,"Jul 26, 2026 06:11 PM UTC",Minnesota Twins,Connor Prielipp,1.65,-2.7,58.8,54,9,Minnesota Twins gets a start from Connor Prielipp (5.0 ERA); backed by the #21 bullpen in MLB (3.7 ERA); is playing better lately (5-5 in their last 10); holds the better season record (49% vs 42%).,WIN,2026-07-27,,
2026-07-27,baseball_mlb,Toronto Blue Jays @ Washington Nationals,"Jul 27, 2026 10:46 PM UTC",Washington Nationals,Andrew Alvarez,1.84,12.3,61.0,71,9,Washington Nationals brings a stronger offense (5.51 vs 3.92 runs/game); gets a start from Andrew Alvarez (4.22 ERA); is playing better lately (6-4 in their last 10); backed by the #30 bullpen in MLB (5.36 ERA); hits righties well this season (0.763 OPS); holds the better season record (50% vs 45%).,LOSS,2026-07-28,,
2026-07-27,baseball_mlb,New York Yankees @ Chicago White Sox,"Jul 27, 2026 11:40 PM UTC",New York Yankees,Max Fried,1.69,0.5,59.6,55,9,New York Yankees gets a start from Max Fried (2.97 ERA); backed by the #1 bullpen in MLB (2.89 ERA); has been strong on the road this season (58%); holds the better season record (56% vs 52%).,,,,
2026-07-27,baseball_mlb,Houston Astros @ Los Angeles Angels,"Jul 28, 2026 01:38 AM UTC",Los Angeles Angels,Walbert Ureña,1.97,11.5,56.5,67,9,Los Angeles Angels gets a start from Walbert Ureña (2.78 ERA); backed by the #16 bullpen in MLB (3.58 ERA).,LOSS,2026-07-28,,
2026-07-27,baseball_mlb,Boston Red Sox @ Athletics,"Jul 28, 2026 01:40 AM UTC",Boston Red Sox,Payton Tolle,1.56,5.0,67.1,66,9,"Boston Red Sox is playing better lately (8-2 in their last 10); gets a start from Payton Tolle (3.31 ERA); backed by the #6 bullpen in MLB (3.29 ERA); holds the better season record (51% vs 41%); has been strong on the road this season (57%). Game at a pitcher-friendly park (factor 94), lower-scoring environment likely.",WIN,2026-07-28,,
2026-07-27,baseball_mlb,Milwaukee Brewers @ San Francisco Giants,"Jul 28, 2026 01:45 AM UTC",Milwaukee Brewers,Brandon Sproat,1.74,-0.2,57.2,53,9,"Milwaukee Brewers gets a start from Brandon Sproat (5.09 ERA); brings a stronger offense (5.1 vs 4.15 runs/game); backed by the #4 bullpen in MLB (3.24 ERA); is playing better lately (7-3 in their last 10); holds the better season record (62% vs 41%); has been strong on the road this season (61%); hits righties well this season (0.761 OPS). Game at a pitcher-friendly park (factor 94), lower-scoring environment likely.",LOSS,2026-07-28,,
2026-07-28,baseball_mlb,Boston Red Sox @ Athletics,"Jul 29, 2026 01:41 AM UTC",Boston Red Sox,Jake Bennett,1.68,7.1,63.6,66,9,"Boston Red Sox is playing better lately (8-2 in their last 10); gets a start from Jake Bennett (2.58 ERA); backed by the #4 bullpen in MLB (3.25 ERA); hits lefties well this season (0.78 OPS); holds the better season record (52% vs 41%); has been strong on the road this season (58%). Game at a pitcher-friendly park (factor 94), lower-scoring environment likely.",LOSS,2026-07-29,,
2026-07-28,basketball_wnba,Connecticut Sun @ Washington Mystics,"Jul 28, 2026 11:30 PM UTC",Washington Mystics,Unannounced,1.41,-1.3,69.9,61,9,Washington Mystics plays stronger defense (83.11539 vs 87.07407 points allowed/game); brings a stronger offense (80.76923 vs 80.0 points/game); opponent missing Brittney Griner; holds the better season record (53% vs 25%).,WIN,2026-07-29,,
2026-07-28,basketball_wnba,Indiana Fever @ Seattle Storm,"Jul 29, 2026 01:30 AM UTC",Indiana Fever,Unannounced,1.26,-1.3,78.1,66,9,"Indiana Fever brings a stronger offense (95.48148 vs 81.89655 points/game); opponent missing Taina Mair, Ezi Magbegor; is playing better lately (7-3 in their last 10); holds the better season record (63% vs 20%).",WIN,2026-07-29,,
2026-07-28,baseball_mlb,Houston Astros @ Los Angeles Angels,"Jul 29, 2026 01:39 AM UTC",Houston Astros,Peter Lambert,2.5,12.9,45.2,61,9,[-1.5 run line] Houston Astros gets a start from Peter Lambert (3.03 ERA); backed by the #19 bullpen in MLB (3.58 ERA); is playing better lately (6-4 in their last 10); holds the better season record (49% vs 39%).,WIN,2026-07-29,,
2026-07-28,baseball_mlb,Colorado Rockies @ San Diego Padres,"Jul 29, 2026 01:41 AM UTC",San Diego Padres,Michael King,1.96,11.4,56.8,66,9,[-1.5 run line] San Diego Padres gets a start from Michael King (3.24 ERA); backed by the #6 bullpen in MLB (3.25 ERA); is playing better lately (5-5 in their last 10); holds the better season record (50% vs 39%).,WIN,2026-07-29,,
2026-07-28,baseball_mlb,Cleveland Guardians @ Cincinnati Reds,"Jul 28, 2026 11:10 PM UTC",Cincinnati Reds,Caleb Ferguson,1.76,8.6,61.6,67,9,"[+1.5 run line] Cincinnati Reds gets a start from Caleb Ferguson (3.86 ERA); backed by the #22 bullpen in MLB (3.82 ERA); is playing better lately (6-4 in their last 10). Game at a hitter-friendly park (factor 112), expect added scoring variance.",LOSS,2026-07-29,,
2026-07-28,baseball_mlb,Seattle Mariners @ Los Angeles Dodgers,"Jul 29, 2026 02:11 AM UTC",Los Angeles Dodgers,Justin Wrobleski,1.83,9.4,59.7,65,9,[-1.5 run line] Los Angeles Dodgers brings a stronger offense (5.15 vs 4.01 runs/game); gets a start from Justin Wrobleski (2.62 ERA); backed by the #4 bullpen in MLB (3.18 ERA); is playing better lately (6-4 in their last 10); holds the better season record (63% vs 48%); hits righties well this season (0.784 OPS); has been strong at home this season (62%).,LOSS,2026-07-29,,
2026-07-29,baseball_mlb,Kansas City Royals @ Minnesota Twins,"Jul 29, 2026 11:41 PM UTC",Kansas City Royals,Randy Dobnak,1.78,19.4,67.0,77,9,[+1.5 run line] Kansas City Royals gets a start from Randy Dobnak (1.42 ERA); backed by the #27 bullpen in MLB (4.56 ERA).,WIN,2026-07-30,spread,1.5
2026-07-29,baseball_mlb,Chicago Cubs @ St. Louis Cardinals,"Jul 29, 2026 11:46 PM UTC",Chicago Cubs,Matthew Boyd,1.94,17.1,60.4,71,9,Chicago Cubs gets a start from Matthew Boyd (3.81 ERA); is playing better lately (7-3 in their last 10); brings a stronger offense (5.21 vs 4.4 runs/game); backed by the #20 bullpen in MLB (3.56 ERA); holds the better season record (56% vs 49%); has been strong on the road this season (56%).,LOSS,2026-07-30,moneyline,
2026-07-29,baseball_mlb,Houston Astros @ Los Angeles Angels,"Jul 30, 2026 01:39 AM UTC",Houston Astros,Hayden Wesneski,1.74,5.9,60.8,63,9,Houston Astros backed by the #17 bullpen in MLB (3.53 ERA); is playing better lately (7-3 in their last 10); holds the better season record (49% vs 38%).,WIN,2026-07-30,moneyline,
2026-07-29,baseball_mlb,Boston Red Sox @ Athletics,"Jul 30, 2026 01:41 AM UTC",Boston Red Sox,Patrick Sandoval,1.66,11.8,67.3,75,9,"Boston Red Sox opponent's closer worked the last two days in a row, likely unavailable today; backed by the #5 bullpen in MLB (3.26 ERA); is playing better lately (7-3 in their last 10); hits lefties well this season (0.779 OPS); holds the better season record (51% vs 42%); has been strong on the road this season (57%). Game at a pitcher-friendly park (factor 94), lower-scoring environment likely.",WIN,2026-07-30,moneyline,
2026-07-29,basketball_wnba,Golden State Valkyries @ Phoenix Mercury,"Jul 30, 2026 02:00 AM UTC",Golden State Valkyries,Unannounced,1.5,19.5,79.5,86,9,Golden State Valkyries plays stronger defense (76.37037 vs 86.53571 points allowed/game); is playing better lately (9-1 in their last 10); holds the better season record (70% vs 35%); opponent missing Jovana Nogic; has been strong on the road this season (66%).,LOSS,2026-07-30,moneyline,
2026-07-30,baseball_mlb,Texas Rangers @ Tampa Bay Rays,"Jul 30, 2026 04:11 PM UTC",Tampa Bay Rays,Shane McClanahan,1.6,-0.8,61.9,55,9,Tampa Bay Rays gets a start from Shane McClanahan (3.09 ERA); backed by the #18 bullpen in MLB (3.55 ERA); has been strong at home this season (70%); is playing better lately (7-3 in their last 10); holds the better season record (58% vs 50%).,WIN,2026-07-31,moneyline,
2026-07-30,baseball_mlb,Chicago Cubs @ St. Louis Cardinals,"Jul 30, 2026 06:16 PM UTC",Chicago Cubs,Javier Assad,1.99,10.1,55.2,65,9,Chicago Cubs gets a start from Javier Assad (3.86 ERA); brings a stronger offense (5.19 vs 4.39 runs/game); is playing better lately (6-4 in their last 10); backed by the #22 bullpen in MLB (3.81 ERA); holds the better season record (56% vs 50%); has been strong on the road this season (55%).,WIN,2026-07-31,moneyline,
2026-07-30,baseball_mlb,Pittsburgh Pirates @ Cincinnati Reds,"Jul 30, 2026 11:11 PM UTC",Pittsburgh Pirates,Yohan Ramírez,1.88,11.7,59.3,70,9,"Pittsburgh Pirates brings a stronger offense (5.17 vs 4.11 runs/game); gets a start from Yohan Ramírez (3.21 ERA); backed by the #23 bullpen in MLB (3.89 ERA); hits righties well this season (0.78 OPS); holds the better season record (50% vs 46%). Game at a hitter-friendly park (factor 112), expect added scoring variance.",LOSS,2026-07-31,moneyline,
2026-07-30,baseball_mlb,Washington Nationals @ Atlanta Braves,"Jul 30, 2026 11:16 PM UTC",Atlanta Braves,Grant Holmes,1.68,-4.0,57.2,54,9,Atlanta Braves gets a start from Grant Holmes (3.79 ERA); backed by the #3 bullpen in MLB (2.94 ERA); has been strong at home this season (61%); holds the better season record (58% vs 50%).,WIN,2026-07-31,moneyline,
2026-07-30,baseball_mlb,Boston Red Sox @ Athletics,"Jul 31, 2026 01:41 AM UTC",Boston Red Sox,Sonny Gray,1.56,-2.1,62.8,57,9,"Boston Red Sox gets a start from Sonny Gray (2.78 ERA); is playing better lately (7-3 in their last 10); backed by the #5 bullpen in MLB (3.2 ERA); holds the better season record (52% vs 41%); has been strong on the road this season (58%). Game at a pitcher-friendly park (factor 94), lower-scoring environment likely.",WIN,2026-07-31,moneyline,
2026-07-30,basketball_wnba,Minnesota Lynx @ Toronto Tempo,"Jul 31, 2026 12:10 AM UTC",Minnesota Lynx,Unannounced,1.14,-3.7,84.7,70,9,"Minnesota Lynx plays stronger defense (83.17242 vs 93.18519 points allowed/game); brings a stronger offense (91.793106 vs 88.666664 points/game); is playing better lately (8-2 in their last 10); opponent missing Nyara Sabally, Brittney Sykes; holds the better season record (79% vs 37%); has been strong on the road this season (85%).",WIN,2026-07-31,moneyline,
2026-07-31,baseball_mlb,Pittsburgh Pirates @ Cincinnati Reds,"Jul 31, 2026 10:11 PM UTC",Pittsburgh Pirates,Paul Skenes,1.81,5.8,58.5,61,9,"Pittsburgh Pirates brings a stronger offense (5.14 vs 4.1 runs/game); gets a start from Paul Skenes (3.65 ERA); backed by the #23 bullpen in MLB (3.87 ERA); hits righties well this season (0.779 OPS). Game at a hitter-friendly park (factor 112), expect added scoring variance.",LOSS,2026-08-01,moneyline,
2026-07-31,baseball_mlb,Philadelphia Phillies @ Baltimore Orioles,"Jul 31, 2026 11:06 PM UTC",Baltimore Orioles,Brandon Young,1.87,4.7,56.1,59,7,Baltimore Orioles gets a start from Brandon Young (3.13 ERA); is playing better lately (5-5 in their last 10); backed by the #11 bullpen in MLB (3.36 ERA).,WIN,2026-08-01,moneyline,
2026-07-31,baseball_mlb,Chicago White Sox @ Tampa Bay Rays,"Jul 31, 2026 11:11 PM UTC",Tampa Bay Rays,Nick Martinez,1.72,-2.7,56.5,52,9,Tampa Bay Rays gets a start from Nick Martinez (2.45 ERA); is playing better lately (8-2 in their last 10); backed by the #18 bullpen in MLB (3.53 ERA); has been strong at home this season (71%); holds the better season record (59% vs 52%).,LOSS,2026-08-01,moneyline,
2026-07-31,baseball_mlb,Chicago White Sox @ Tampa Bay Rays,"Jul 31, 2026 11:11 PM UTC",Tampa Bay Rays,Nick Martinez,2.51,10.0,43.8,54,9,[-1.5 run line] Tampa Bay Rays gets a start from Nick Martinez (2.45 ERA); is playing better lately (8-2 in their last 10); backed by the #18 bullpen in MLB (3.53 ERA); has been strong at home this season (71%); holds the better season record (59% vs 52%).,LOSS,2026-08-01,spread,-1.5
2026-07-31,baseball_mlb,Texas Rangers @ Houston Astros,"Aug 01, 2026 12:16 AM UTC",Houston Astros,Hunter Brown,2.51,10.2,43.9,45,9,[-1.5 run line] Houston Astros gets a start from Hunter Brown (3.45 ERA); is playing better lately (8-2 in their last 10); backed by the #16 bullpen in MLB (3.49 ERA); brings a stronger offense (4.59 vs 4.18 runs/game).,WIN,2026-08-01,spread,-1.5
2026-07-31,baseball_mlb,Kansas City Royals @ Colorado Rockies,"Aug 01, 2026 12:41 AM UTC",Kansas City Royals,Michael Wacha,1.93,7.2,55.7,60,9,"Kansas City Royals gets a start from Michael Wacha (3.6 ERA); is playing better lately (6-4 in their last 10); backed by the #27 bullpen in MLB (4.69 ERA); holds the better season record (41% vs 38%). Game at a hitter-friendly park (factor 118), expect added scoring variance.",LOSS,2026-08-01,moneyline,
2026-07-31,baseball_mlb,Milwaukee Brewers @ Los Angeles Angels,"Aug 01, 2026 01:39 AM UTC",Milwaukee Brewers,Shane Drohan,1.59,3.1,64.7,60,9,Milwaukee Brewers gets a start from Shane Drohan (3.51 ERA); brings a stronger offense (5.06 vs 4.26 runs/game); backed by the #15 bullpen in MLB (3.48 ERA); holds the better season record (62% vs 38%); is playing better lately (6-4 in their last 10); has been strong on the road this season (59%).,WIN,2026-08-01,moneyline,
2026-07-31,baseball_mlb,Detroit Tigers @ Athletics,"Aug 01, 2026 01:41 AM UTC",Detroit Tigers,Casey Mize,1.63,7.9,66.2,69,9,"Detroit Tigers gets a start from Casey Mize (2.7 ERA); backed by the #14 bullpen in MLB (3.45 ERA); is playing better lately (5-5 in their last 10); holds the better season record (46% vs 41%). Game at a pitcher-friendly park (factor 94), lower-scoring environment likely.",WIN,2026-08-01,moneyline,
2026-07-31,baseball_mlb,Detroit Tigers @ Athletics,"Aug 01, 2026 01:41 AM UTC",Detroit Tigers,Casey Mize,1.95,16.8,59.8,74,9,"[-1.5 run line] Detroit Tigers gets a start from Casey Mize (2.7 ERA); backed by the #14 bullpen in MLB (3.45 ERA); is playing better lately (5-5 in their last 10); holds the better season record (46% vs 41%). Game at a pitcher-friendly park (factor 94), lower-scoring environment likely.",WIN,2026-08-01,spread,-1.5
2026-07-31,baseball_mlb,San Francisco Giants @ San Diego Padres,"Aug 01, 2026 01:46 AM UTC",San Diego Padres,Bradgley Rodriguez,1.68,-0.5,59.4,54,9,"San Diego Padres gets a start from Bradgley Rodriguez (2.33 ERA); opponent's closer worked the last two days in a row, likely unavailable today; backed by the #2 bullpen in MLB (2.86 ERA); holds the better season record (50% vs 43%).",WIN,2026-08-01,moneyline,
2026-07-31,baseball_mlb,San Francisco Giants @ San Diego Padres,"Aug 01, 2026 01:46 AM UTC",San Diego Padres,Bradgley Rodriguez,2.41,20.3,49.9,66,9,"[-1.5 run line] San Diego Padres gets a start from Bradgley Rodriguez (2.33 ERA); opponent's closer worked the last two days in a row, likely unavailable today; backed by the #2 bullpen in MLB (2.86 ERA); holds the better season record (50% vs 43%).",WIN,2026-08-01,spread,-1.5
2026-07-31,basketball_wnba,Dallas Wings @ Washington Mystics,"Jul 31, 2026 11:30 PM UTC",Dallas Wings,Unannounced,1.65,1.4,61.6,57,9,Dallas Wings brings a stronger offense (89.89286 vs 81.18519 points/game); has been strong on the road this season (66%); holds the better season record (64% vs 55%).,LOSS,2026-08-01,moneyline,
2026-08-01,baseball_mlb,Chicago White Sox @ Tampa Bay Rays,"Aug 01, 2026 08:11 PM UTC",Chicago White Sox,Jordan Hicks,1.69,10.9,65.7,70,9,[+1.5 run line] Chicago White Sox gets a start from Jordan Hicks (3.19 ERA); backed by the #5 bullpen in MLB (3.17 ERA).,WIN,2026-08-02,spread,1.5
2026-08-01,baseball_mlb,Miami Marlins @ New York Mets,"Aug 01, 2026 08:11 PM UTC",New York Mets,Zac Thornton,2.55,11.8,43.9,60,9,[-1.5 run line] New York Mets gets a start from Zac Thornton (2.43 ERA); backed by the #6 bullpen in MLB (3.2 ERA).,LOSS,2026-08-02,spread,-1.5
2026-08-01,baseball_mlb,Washington Nationals @ Atlanta Braves,"Aug 01, 2026 11:16 PM UTC",Atlanta Braves,Reynaldo López,1.56,-4.1,61.5,56,9,Atlanta Braves gets a start from Reynaldo López (3.64 ERA); backed by the #3 bullpen in MLB (2.92 ERA); is playing better lately (7-3 in their last 10); has been strong at home this season (63%); holds the better season record (59% vs 49%).,WIN,2026-08-02,moneyline,
2026-08-01,baseball_mlb,Washington Nationals @ Atlanta Braves,"Aug 01, 2026 11:16 PM UTC",Atlanta Braves,Reynaldo López,2.13,14.1,53.5,69,9,[-1.5 run line] Atlanta Braves gets a start from Reynaldo López (3.64 ERA); backed by the #3 bullpen in MLB (2.92 ERA); is playing better lately (7-3 in their last 10); has been strong at home this season (63%); holds the better season record (59% vs 49%).,WIN,2026-08-02,spread,-1.5
2026-08-01,baseball_mlb,New York Yankees @ Chicago Cubs,"Aug 01, 2026 11:16 PM UTC",New York Yankees,Max Fried,1.93,11.5,57.6,66,9,New York Yankees gets a start from Max Fried (3.23 ERA); backed by the #1 bullpen in MLB (2.75 ERA); has been strong on the road this season (59%).,LOSS,2026-08-02,moneyline,
2026-08-01,baseball_mlb,Detroit Tigers @ Athletics,"Aug 02, 2026 01:41 AM UTC",Detroit Tigers,Framber Valdez,1.69,10.0,65.2,70,9,"Detroit Tigers gets a start from Framber Valdez (4.53 ERA); is playing better lately (5-5 in their last 10); backed by the #14 bullpen in MLB (3.39 ERA); holds the better season record (47% vs 40%). Game at a pitcher-friendly park (factor 94), lower-scoring environment likely.",WIN,2026-08-02,moneyline,
2026-08-01,baseball_mlb,Detroit Tigers @ Athletics,"Aug 02, 2026 01:41 AM UTC",Detroit Tigers,Framber Valdez,2.02,9.7,54.3,64,9,"[-1.5 run line] Detroit Tigers gets a start from Framber Valdez (4.53 ERA); is playing better lately (5-5 in their last 10); backed by the #14 bullpen in MLB (3.39 ERA); holds the better season record (47% vs 40%). Game at a pitcher-friendly park (factor 94), lower-scoring environment likely.",WIN,2026-08-02,spread,-1.5
2026-08-01,basketball_wnba,New York Liberty @ Phoenix Mercury,"Aug 01, 2026 07:00 PM UTC",New York Liberty,Unannounced,1.63,-3.2,59.5,53,9,New York Liberty brings a stronger offense (89.72414 vs 83.24138 points/game); opponent missing Jovana Nogic; holds the better season record (55% vs 37%).,WIN,2026-08-02,moneyline,
2026-08-02,baseball_mlb,St. Louis Cardinals @ Toronto Blue Jays,"Aug 02, 2026 05:38 PM UTC",St. Louis Cardinals,Matthew Liberatore,1.51,26.0,83.4,88,9,[+1.5 run line] St. Louis Cardinals gets a start from Matthew Liberatore (5.26 ERA); backed by the #23 bullpen in MLB (3.78 ERA).,WIN,2026-08-03,spread,1.5
2026-08-02,baseball_mlb,Texas Rangers @ Houston Astros,"Aug 02, 2026 06:11 PM UTC",Houston Astros,Peter Lambert,1.74,-0.8,57.1,52,9,Houston Astros is playing better lately (9-1 in their last 10); gets a start from Peter Lambert (3.06 ERA); backed by the #14 bullpen in MLB (3.43 ERA); brings a stronger offense (4.65 vs 4.16 runs/game).,WIN,2026-08-03,moneyline,
2026-08-02,baseball_mlb,Kansas City Royals @ Colorado Rockies,"Aug 02, 2026 07:11 PM UTC",Kansas City Royals,Seth Lugo,1.57,19.1,75.6,84,9,"[+1.5 run line] Kansas City Royals gets a start from Seth Lugo (4.22 ERA); backed by the #27 bullpen in MLB (4.76 ERA). Game at a hitter-friendly park (factor 118), expect added scoring variance.",LOSS,2026-08-03,spread,1.5
2026-08-02,baseball_mlb,Detroit Tigers @ Athletics,"Aug 02, 2026 08:06 PM UTC",Detroit Tigers,Keider Montero,1.89,10.0,58.3,66,9,"Detroit Tigers gets a start from Keider Montero (3.34 ERA); is playing better lately (6-4 in their last 10); backed by the #17 bullpen in MLB (3.49 ERA); holds the better season record (47% vs 40%). Game at a pitcher-friendly park (factor 94), lower-scoring environment likely.",WIN,2026-08-03,moneyline,
2026-08-02,baseball_mlb,Boston Red Sox @ Los Angeles Dodgers,"Aug 02, 2026 11:21 PM UTC",Boston Red Sox,Jake Bennett,1.73,20.6,69.5,80,9,[+1.5 run line] Boston Red Sox gets a start from Jake Bennett (2.74 ERA); backed by the #5 bullpen in MLB (3.17 ERA); has been strong on the road this season (60%).,WIN,2026-08-03,spread,1.5
2026-08-02,basketball_wnba,Indiana Fever @ Minnesota Lynx,"Aug 02, 2026 05:00 PM UTC",Minnesota Lynx,Unannounced,1.49,3.0,69.3,65,9,"Minnesota Lynx plays stronger defense (82.8 vs 90.06896 points allowed/game); opponent missing Ugonne Onyiah, Damiris Dantas; has been strong at home this season (73%); holds the better season record (80% vs 65%).",WIN,2026-08-03,moneyline,
2026-08-03,baseball_mlb,Tampa Bay Rays @ Colorado Rockies,"Aug 04, 2026 12:41 AM UTC",Tampa Bay Rays,Ian Seymour,1.6,-0.9,62.0,56,9,"Tampa Bay Rays gets a start from Ian Seymour (4.37 ERA); backed by the #17 bullpen in MLB (3.6 ERA); holds the better season record (58% vs 40%). Game at a hitter-friendly park (factor 118), expect added scoring variance.",WIN,2026-08-04,moneyline,
2026-08-04,baseball_mlb,Los Angeles Angels @ Baltimore Orioles,"Aug 04, 2026 10:36 PM UTC",Baltimore Orioles,Unannounced,1.67,3.2,62.0,60,9,Baltimore Orioles is playing better lately (5-5 in their last 10); backed by the #22 bullpen in MLB (3.87 ERA); holds the better season record (48% vs 38%).,WIN,2026-08-05,moneyline,
2026-08-04,baseball_mlb,Washington Nationals @ Philadelphia Phillies,"Aug 04, 2026 10:40 PM UTC",Washington Nationals,Zack Littell,2.06,22.5,59.5,63,9,[+1.5 run line] Washington Nationals gets a start from Zack Littell (4.94 ERA); brings a stronger offense (5.35 vs 4.39 runs/game); backed by the #27 bullpen in MLB (4.71 ERA); hits lefties well this season (0.785 OPS); has been strong on the road this season (56%).,LOSS,2026-08-05,spread,1.5
2026-08-04,baseball_mlb,Miami Marlins @ Atlanta Braves,"Aug 04, 2026 11:16 PM UTC",Atlanta Braves,Grant Holmes,1.67,-1.4,59.0,54,9,Atlanta Braves gets a start from Grant Holmes (3.88 ERA); backed by the #4 bullpen in MLB (3.06 ERA); brings a stronger offense (4.9 vs 4.39 runs/game); has been strong at home this season (64%); holds the better season record (59% vs 51%).,WIN,2026-08-05,moneyline,
2026-08-04,baseball_mlb,Miami Marlins @ Atlanta Braves,"Aug 04, 2026 11:16 PM UTC",Atlanta Braves,Grant Holmes,2.38,28.1,53.9,70,9,[-1.5 run line] Atlanta Braves gets a start from Grant Holmes (3.88 ERA); backed by the #4 bullpen in MLB (3.06 ERA); brings a stronger offense (4.9 vs 4.39 runs/game); has been strong at home this season (64%); holds the better season record (59% vs 51%).,WIN,2026-08-05,spread,-1.5
2026-08-04,baseball_mlb,Pittsburgh Pirates @ Milwaukee Brewers,"Aug 04, 2026 11:40 PM UTC",Milwaukee Brewers,Logan Henderson,2.36,9.4,46.3,56,9,[-1.5 run line] Milwaukee Brewers gets a start from Logan Henderson (2.66 ERA); backed by the #7 bullpen in MLB (3.2 ERA); has been strong at home this season (63%); holds the better season record (61% vs 50%).,WIN,2026-08-05,spread,-1.5
2026-08-04,baseball_mlb,Minnesota Twins @ Kansas City Royals,"Aug 04, 2026 11:41 PM UTC",Kansas City Royals,Randy Dobnak,1.76,19.5,67.8,79,9,[+1.5 run line] Kansas City Royals gets a start from Randy Dobnak (1.04 ERA); backed by the #29 bullpen in MLB (4.95 ERA).,WIN,2026-08-05,spread,1.5
2026-08-04,baseball_mlb,Los Angeles Dodgers @ Chicago Cubs,"Aug 05, 2026 12:06 AM UTC",Chicago Cubs,Javier Assad,2.12,20.4,56.9,71,9,[+1.5 run line] Chicago Cubs gets a start from Javier Assad (3.75 ERA); backed by the #17 bullpen in MLB (3.67 ERA); is playing better lately (6-4 in their last 10); hits lefties well this season (0.795 OPS); has been strong at home this season (57%).,WIN,2026-08-05,spread,1.5
2026-08-04,baseball_mlb,San Francisco Giants @ Texas Rangers,"Aug 05, 2026 12:06 AM UTC",San Francisco Giants,Blade Tidwell,1.81,21.2,66.9,77,9,[+1.5 run line] San Francisco Giants backed by the #18 bullpen in MLB (3.67 ERA); is playing better lately (5-5 in their last 10).,WIN,2026-08-05,spread,1.5
2026-08-05,baseball_mlb,Toronto Blue Jays @ Houston Astros,"Aug 05, 2026 06:10 PM UTC",Houston Astros,Hunter Brown,2.11,20.4,57.1,72,9,[-1.5 run line] Houston Astros gets a start from Hunter Brown (3.42 ERA); brings a stronger offense (4.66 vs 3.89 runs/game); backed by the #12 bullpen in MLB (3.39 ERA); is playing better lately (8-2 in their last 10); holds the better season record (51% vs 46%).,WIN,2026-08-06,spread,-1.5
2026-08-05,baseball_mlb,Los Angeles Dodgers @ Chicago Cubs,"Aug 05, 2026 06:21 PM UTC",Chicago Cubs,Shota Imanaga,1.81,1.0,55.7,53,9,Chicago Cubs gets a start from Shota Imanaga (3.67 ERA); is playing better lately (6-4 in their last 10); backed by the #8 bullpen in MLB (3.22 ERA); hits lefties well this season (0.792 OPS); has been strong at home this season (57%).,WIN,2026-08-06,moneyline,
2026-08-05,baseball_mlb,Los Angeles Dodgers @ Chicago Cubs,"Aug 05, 2026 06:21 PM UTC",Chicago Cubs,Shota Imanaga,2.45,12.3,45.7,49,9,[-1.5 run line] Chicago Cubs gets a start from Shota Imanaga (3.67 ERA); is playing better lately (6-4 in their last 10); backed by the #8 bullpen in MLB (3.22 ERA); hits lefties well this season (0.792 OPS); has been strong at home this season (57%).,WIN,2026-08-06,spread,-1.5
2026-08-05,baseball_mlb,San Francisco Giants @ Texas Rangers,"Aug 05, 2026 06:36 PM UTC",Texas Rangers,Cody Bradford,2.19,13.9,52.0,68,9,[-1.5 run line] Texas Rangers backed by the #14 bullpen in MLB (3.55 ERA); holds the better season record (49% vs 42%).,LOSS,2026-08-06,spread,-1.5
2026-08-05,baseball_mlb,Tampa Bay Rays @ Colorado Rockies,"Aug 05, 2026 07:11 PM UTC",Tampa Bay Rays,Nick Martinez,1.61,-0.4,61.8,55,9,"Tampa Bay Rays gets a start from Nick Martinez (2.77 ERA); backed by the #11 bullpen in MLB (3.33 ERA); is playing better lately (7-3 in their last 10); holds the better season record (59% vs 39%). Game at a hitter-friendly park (factor 118), expect added scoring variance.",WIN,2026-08-06,moneyline,
2026-08-05,baseball_mlb,Athletics @ Cincinnati Reds,"Aug 05, 2026 10:40 PM UTC",Cincinnati Reds,Rhett Lowder,1.67,3.6,62.0,61,9,"Cincinnati Reds is playing better lately (6-4 in their last 10); gets a start from Rhett Lowder (5.42 ERA); backed by the #15 bullpen in MLB (3.59 ERA); holds the better season record (48% vs 39%); hits lefties well this season (0.76 OPS). Game at a hitter-friendly park (factor 112), expect added scoring variance.",WIN,2026-08-06,moneyline,
2026-08-05,baseball_mlb,Pittsburgh Pirates @ Milwaukee Brewers,"Aug 05, 2026 11:40 PM UTC",Milwaukee Brewers,Kyle Harrison,1.78,0.2,56.1,52,9,Milwaukee Brewers gets a start from Kyle Harrison (3.01 ERA); backed by the #9 bullpen in MLB (3.29 ERA); is playing better lately (6-4 in their last 10); has been strong at home this season (63%); holds the better season record (61% vs 49%).,WIN,2026-08-06,moneyline,
2026-08-05,baseball_mlb,Pittsburgh Pirates @ Milwaukee Brewers,"Aug 05, 2026 11:40 PM UTC",Milwaukee Brewers,Kyle Harrison,2.68,14.6,42.7,61,9,[-1.5 run line] Milwaukee Brewers gets a start from Kyle Harrison (3.01 ERA); backed by the #9 bullpen in MLB (3.29 ERA); is playing better lately (6-4 in their last 10); has been strong at home this season (63%); holds the better season record (61% vs 49%).,WIN,2026-08-06,spread,-1.5
2026-08-05,baseball_mlb,Detroit Tigers @ Seattle Mariners,"Aug 06, 2026 01:41 AM UTC",Detroit Tigers,Drew Anderson,1.59,9.0,68.3,71,9,"[+1.5 run line] Detroit Tigers gets a start from Drew Anderson (4.24 ERA); backed by the #18 bullpen in MLB (3.66 ERA); brings a stronger offense (4.54 vs 3.98 runs/game); is playing better lately (6-4 in their last 10). Game at a pitcher-friendly park (factor 92), lower-scoring environment likely.",LOSS,2026-08-06,spread,1.5
2026-08-05,basketball_wnba,Phoenix Mercury @ Atlanta Dream,"Aug 05, 2026 11:00 PM UTC",Atlanta Dream,Unannounced,1.44,0.1,69.7,60,9,Atlanta Dream brings a stronger offense (89.31035 vs 84.258064 points/game); opponent missing Jovana Nogic; holds the better season record (62% vs 38%); is playing better lately (6-4 in their last 10); has been strong at home this season (66%).,WIN,2026-08-06,moneyline,
2026-08-05,basketball_wnba,Dallas Wings @ Washington Mystics,"Aug 05, 2026 11:30 PM UTC",Dallas Wings,Unannounced,1.68,0.7,59.8,56,9,Dallas Wings brings a stronger offense (89.166664 vs 81.17857 points/game); has been strong on the road this season (62%); holds the better season record (63% vs 57%).,LOSS,2026-08-06,moneyline,
2026-08-06,baseball_mlb,Los Angeles Angels @ Baltimore Orioles,"Aug 06, 2026 04:36 PM UTC",Baltimore Orioles,Brandon Young,1.53,-0.8,65.0,57,9,Baltimore Orioles gets a start from Brandon Young (3.31 ERA); is playing better lately (6-4 in their last 10); backed by the #24 bullpen in MLB (3.89 ERA); holds the better season record (49% vs 37%).,LOSS,2026-08-07,moneyline,
2026-08-06,baseball_mlb,Los Angeles Angels @ Baltimore Orioles,"Aug 06, 2026 04:36 PM UTC",Baltimore Orioles,Brandon Young,2.01,29.9,64.6,74,9,[-1.5 run line] Baltimore Orioles gets a start from Brandon Young (3.31 ERA); is playing better lately (6-4 in their last 10); backed by the #24 bullpen in MLB (3.89 ERA); holds the better season record (49% vs 37%).,LOSS,2026-08-07,spread,-1.5
2026-08-06,baseball_mlb,Athletics @ Cincinnati Reds,"Aug 06, 2026 04:40 PM UTC",Cincinnati Reds,Andrew Abbott,1.61,-2.5,60.5,55,9,"Cincinnati Reds is playing better lately (7-3 in their last 10); gets a start from Andrew Abbott (3.91 ERA); backed by the #17 bullpen in MLB (3.67 ERA); holds the better season record (48% vs 39%). Game at a hitter-friendly park (factor 112), expect added scoring variance.",WIN,2026-08-07,moneyline,
2026-08-06,baseball_mlb,Toronto Blue Jays @ Chicago Cubs,"Aug 06, 2026 06:21 PM UTC",Toronto Blue Jays,Dylan Cease,1.86,3.3,55.5,56,9,"Toronto Blue Jays gets a start from Dylan Cease (2.41 ERA); opponent's closer worked the last two days in a row, likely unavailable today; backed by the #7 bullpen in MLB (3.22 ERA).",LOSS,2026-08-07,moneyline,
2026-08-06,baseball_mlb,Toronto Blue Jays @ Chicago Cubs,"Aug 06, 2026 06:21 PM UTC",Toronto Blue Jays,Dylan Cease,2.45,12.6,46.0,62,9,"[-1.5 run line] Toronto Blue Jays gets a start from Dylan Cease (2.41 ERA); opponent's closer worked the last two days in a row, likely unavailable today; backed by the #7 bullpen in MLB (3.22 ERA).",LOSS,2026-08-07,spread,-1.5
2026-08-06,baseball_mlb,Miami Marlins @ Atlanta Braves,"Aug 06, 2026 11:16 PM UTC",Atlanta Braves,Martín Pérez,1.7,1.3,59.7,56,9,Atlanta Braves gets a start from Martín Pérez (3.24 ERA); backed by the #5 bullpen in MLB (3.07 ERA); brings a stronger offense (4.89 vs 4.34 runs/game); is playing better lately (8-2 in their last 10); has been strong at home this season (65%); holds the better season record (60% vs 50%).,WIN,2026-08-07,moneyline,
2026-08-06,baseball_mlb,Miami Marlins @ Atlanta Braves,"Aug 06, 2026 11:16 PM UTC",Atlanta Braves,Martín Pérez,2.38,27.5,53.6,70,9,[-1.5 run line] Atlanta Braves gets a start from Martín Pérez (3.24 ERA); backed by the #5 bullpen in MLB (3.07 ERA); brings a stronger offense (4.89 vs 4.34 runs/game); is playing better lately (8-2 in their last 10); has been strong at home this season (65%); holds the better season record (60% vs 50%).,WIN,2026-08-07,spread,-1.5
2026-08-07,baseball_mlb,New York Mets @ Pittsburgh Pirates,"Aug 07, 2026 10:41 PM UTC",Pittsburgh Pirates,Carmen Mlodzinski,2.51,9.7,43.7,56,9,[-1.5 run line] Pittsburgh Pirates gets a start from Carmen Mlodzinski (3.15 ERA); brings a stronger offense (5.03 vs 4.16 runs/game); backed by the #11 bullpen in MLB (3.28 ERA); holds the better season record (48% vs 43%).,LOSS,2026-08-08,spread,-1.5
2026-08-07,baseball_mlb,Atlanta Braves @ New York Yankees,"Aug 07, 2026 11:06 PM UTC",New York Yankees,Max Fried,2.46,18.6,48.2,64,9,[-1.5 run line] New York Yankees gets a start from Max Fried (3.12 ERA); backed by the #1 bullpen in MLB (2.62 ERA).,,,spread,-1.5
2026-08-07,baseball_mlb,Athletics @ Boston Red Sox,"Aug 07, 2026 11:11 PM UTC",Boston Red Sox,Payton Tolle,1.79,16.9,65.2,77,9,"[-1.5 run line] Boston Red Sox is playing better lately (9-1 in their last 10); gets a start from Payton Tolle (3.3 ERA); backed by the #12 bullpen in MLB (3.29 ERA); holds the better season record (55% vs 39%). Game at a hitter-friendly park (factor 108), expect added scoring variance.",WIN,2026-08-08,spread,-1.5
2026-08-07,baseball_mlb,Cleveland Guardians @ Chicago White Sox,"Aug 07, 2026 11:41 PM UTC",Cleveland Guardians,Parker Messick,1.72,-3.3,56.3,52,9,Cleveland Guardians gets a start from Parker Messick (2.57 ERA); backed by the #7 bullpen in MLB (3.23 ERA).,WIN,2026-08-08,moneyline,
2026-08-07,baseball_mlb,Minnesota Twins @ Milwaukee Brewers,"Aug 07, 2026 11:41 PM UTC",Milwaukee Brewers,Shane Drohan,2.15,13.8,52.8,68,9,[-1.5 run line] Milwaukee Brewers gets a start from Shane Drohan (3.48 ERA); backed by the #6 bullpen in MLB (3.22 ERA); has been strong at home this season (65%); holds the better season record (62% vs 49%).,LOSS,2026-08-08,spread,-1.5
2026-08-07,baseball_mlb,Chicago Cubs @ Kansas City Royals,"Aug 08, 2026 12:11 AM UTC",Kansas City Royals,Daniel Lynch IV,1.89,17.6,62.4,75,9,[+1.5 run line] Kansas City Royals gets a start from Daniel Lynch IV (1.96 ERA); backed by the #27 bullpen in MLB (4.57 ERA).,LOSS,2026-08-08,spread,1.5
2026-08-07,baseball_mlb,Colorado Rockies @ St. Louis Cardinals,"Aug 08, 2026 12:16 AM UTC",St. Louis Cardinals,Kyle Leahy,1.6,1.1,63.3,57,9,St. Louis Cardinals gets a start from Kyle Leahy (3.44 ERA); backed by the #24 bullpen in MLB (3.82 ERA); holds the better season record (49% vs 39%); is playing better lately (4-6 in their last 10).,WIN,2026-08-08,moneyline,
2026-08-07,baseball_mlb,Colorado Rockies @ St. Louis Cardinals,"Aug 08, 2026 12:16 AM UTC",St. Louis Cardinals,Kyle Leahy,2.23,15.2,51.7,67,9,[-1.5 run line] St. Louis Cardinals gets a start from Kyle Leahy (3.44 ERA); backed by the #24 bullpen in MLB (3.82 ERA); holds the better season record (49% vs 39%); is playing better lately (4-6 in their last 10).,LOSS,2026-08-08,spread,-1.5
2026-08-07,baseball_mlb,Tampa Bay Rays @ Seattle Mariners,"Aug 08, 2026 01:46 AM UTC",Tampa Bay Rays,Drew Rasmussen,2.01,12.0,55.8,67,9,"Tampa Bay Rays gets a start from Drew Rasmussen (2.91 ERA); backed by the #13 bullpen in MLB (3.3 ERA); is playing better lately (7-3 in their last 10); brings a stronger offense (4.47 vs 3.95 runs/game); holds the better season record (59% vs 48%). Game at a pitcher-friendly park (factor 92), lower-scoring environment likely.",WIN,2026-08-08,moneyline,
2026-08-07,basketball_wnba,Golden State Valkyries @ Dallas Wings,"Aug 08, 2026 01:30 AM UTC",Golden State Valkyries,Unannounced,1.96,11.1,56.8,67,9,Golden State Valkyries plays stronger defense (77.1 vs 85.451614 points allowed/game); is playing better lately (8-2 in their last 10); has been strong on the road this season (61%); holds the better season record (70% vs 61%).,WIN,2026-08-08,moneyline,
2026-08-08,baseball_mlb,Los Angeles Angels @ Miami Marlins,"Aug 08, 2026 08:11 PM UTC",Los Angeles Angels,Walbert Ureña,1.63,13.8,69.9,78,9,"[+1.5 run line] Los Angeles Angels gets a start from Walbert Ureña (2.54 ERA); backed by the #9 bullpen in MLB (3.25 ERA). Game at a pitcher-friendly park (factor 93), lower-scoring environment likely.",LOSS,2026-08-09,spread,1.5
2026-08-08,baseball_mlb,Toronto Blue Jays @ Philadelphia Phillies,"Aug 08, 2026 10:06 PM UTC",Philadelphia Phillies,Aaron Nola,2.21,24.4,56.2,71,9,[-1.5 run line] Philadelphia Phillies gets a start from Aaron Nola (5.55 ERA); backed by the #19 bullpen in MLB (3.69 ERA); brings a stronger offense (4.41 vs 3.9 runs/game); holds the better season record (53% vs 47%).,LOSS,2026-08-09,spread,-1.5
2026-08-08,baseball_mlb,New York Mets @ Pittsburgh Pirates,"Aug 08, 2026 10:41 PM UTC",Pittsburgh Pirates,Bubba Chandler,2.58,13.3,43.9,57,9,[-1.5 run line] Pittsburgh Pirates gets a start from Bubba Chandler (4.49 ERA); brings a stronger offense (5.02 vs 4.17 runs/game); backed by the #13 bullpen in MLB (3.33 ERA); hits righties well this season (0.769 OPS); holds the better season record (48% vs 43%).,WIN,2026-08-09,spread,-1.5
2026-08-08,baseball_mlb,Cincinnati Reds @ Washington Nationals,"Aug 08, 2026 10:46 PM UTC",Cincinnati Reds,Chase Burns,1.69,-1.2,58.4,54,9,Cincinnati Reds gets a start from Chase Burns (2.35 ERA); is playing better lately (7-3 in their last 10); backed by the #21 bullpen in MLB (3.73 ERA).,LOSS,2026-08-09,moneyline,
2026-08-08,baseball_mlb,Chicago Cubs @ Kansas City Royals,"Aug 08, 2026 11:10 PM UTC",Chicago Cubs,Clay Holmes,1.61,1.7,63.1,58,9,Chicago Cubs brings a stronger offense (5.14 vs 4.14 runs/game); gets a start from Clay Holmes (2.39 ERA); is playing better lately (7-3 in their last 10); backed by the #6 bullpen in MLB (3.23 ERA); holds the better season record (58% vs 41%); has been strong on the road this season (56%).,WIN,2026-08-09,moneyline,
2026-08-08,baseball_mlb,Chicago Cubs @ Kansas City Royals,"Aug 08, 2026 11:10 PM UTC",Chicago Cubs,Clay Holmes,1.94,16.3,60.0,74,9,[-1.5 run line] Chicago Cubs brings a stronger offense (5.14 vs 4.14 runs/game); gets a start from Clay Holmes (2.39 ERA); is playing better lately (7-3 in their last 10); backed by the #6 bullpen in MLB (3.23 ERA); holds the better season record (58% vs 41%); has been strong on the road this season (56%).,WIN,2026-08-09,spread,-1.5
2026-08-08,baseball_mlb,Colorado Rockies @ St. Louis Cardinals,"Aug 08, 2026 11:16 PM UTC",St. Louis Cardinals,Matthew Liberatore,1.65,2.8,62.2,59,9,St. Louis Cardinals gets a start from Matthew Liberatore (4.97 ERA); backed by the #22 bullpen in MLB (3.77 ERA); is playing better lately (5-5 in their last 10); holds the better season record (50% vs 38%).,WIN,2026-08-09,moneyline,
2026-08-08,baseball_mlb,Colorado Rockies @ St. Louis Cardinals,"Aug 08, 2026 11:16 PM UTC",St. Louis Cardinals,Matthew Liberatore,2.35,13.9,48.4,66,9,[-1.5 run line] St. Louis Cardinals gets a start from Matthew Liberatore (4.97 ERA); backed by the #22 bullpen in MLB (3.77 ERA); is playing better lately (5-5 in their last 10); holds the better season record (50% vs 38%).,LOSS,2026-08-09,spread,-1.5
2026-08-09,baseball_mlb,Athletics @ Boston Red Sox,"Aug 09, 2026 05:35 PM UTC",Athletics,J.T. Ginn,2.03,13.4,55.9,69,9,"[+1.5 run line] Athletics gets a start from J.T. Ginn (3.51 ERA); backed by the #29 bullpen in MLB (5.3 ERA). Game at a hitter-friendly park (factor 108), expect added scoring variance.",,,spread,1.5
2026-08-09,baseball_mlb,Atlanta Braves @ New York Yankees,"Aug 09, 2026 05:35 PM UTC",New York Yankees,Cam Schlittler,2.43,9.5,45.1,58,9,[-1.5 run line] New York Yankees gets a start from Cam Schlittler (2.26 ERA); backed by the #1 bullpen in MLB (2.68 ERA).,,,spread,-1.5
2026-08-09,baseball_mlb,New York Mets @ Pittsburgh Pirates,"Aug 09, 2026 05:35 PM UTC",Pittsburgh Pirates,Jared Jones,2.46,19.6,48.7,64,9,[-1.5 run line] Pittsburgh Pirates gets a start from Jared Jones (4.02 ERA); brings a stronger offense (5.05 vs 4.14 runs/game); backed by the #11 bullpen in MLB (3.31 ERA); holds the better season record (48% vs 43%).,,,spread,-1.5
2026-08-09,baseball_mlb,Los Angeles Angels @ Miami Marlins,"Aug 09, 2026 05:40 PM UTC",Miami Marlins,Ryan Gusto,1.68,-0.7,59.1,53,9,"Miami Marlins gets a start from Ryan Gusto (4.8 ERA); backed by the #26 bullpen in MLB (4.12 ERA); is playing better lately (5-5 in their last 10); holds the better season record (50% vs 38%); has been strong at home this season (59%). Game at a pitcher-friendly park (factor 93), lower-scoring environment likely.",,,moneyline,
2026-08-09,baseball_mlb,Los Angeles Angels @ Miami Marlins,"Aug 09, 2026 05:40 PM UTC",Miami Marlins,Ryan Gusto,2.39,17.4,49.1,65,9,"[-1.5 run line] Miami Marlins gets a start from Ryan Gusto (4.8 ERA); backed by the #26 bullpen in MLB (4.12 ERA); is playing better lately (5-5 in their last 10); holds the better season record (50% vs 38%); has been strong at home this season (59%). Game at a pitcher-friendly park (factor 93), lower-scoring environment likely.",,,spread,-1.5
2026-08-09,baseball_mlb,Chicago Cubs @ Kansas City Royals,"Aug 09, 2026 06:10 PM UTC",Kansas City Royals,Randy Dobnak,1.89,26.8,67.2,78,9,[+1.5 run line] Kansas City Royals gets a start from Randy Dobnak (1.16 ERA); backed by the #27 bullpen in MLB (4.14 ERA).,,,spread,1.5
2026-08-09,baseball_mlb,Minnesota Twins @ Milwaukee Brewers,"Aug 09, 2026 06:10 PM UTC",Milwaukee Brewers,Jacob Misiorowski,1.87,13.8,60.9,72,9,[-1.5 run line] Milwaukee Brewers gets a start from Jacob Misiorowski (1.63 ERA); backed by the #3 bullpen in MLB (3.12 ERA); is playing better lately (6-4 in their last 10); has been strong at home this season (64%); holds the better season record (62% vs 49%).,,,spread,-1.5
2026-08-09,baseball_mlb,Colorado Rockies @ St. Louis Cardinals,"Aug 09, 2026 06:15 PM UTC",St. Louis Cardinals,Michael McGreevy,1.6,1.8,63.4,59,9,St. Louis Cardinals gets a start from Michael McGreevy (3.59 ERA); backed by the #22 bullpen in MLB (3.81 ERA); holds the better season record (49% vs 39%).,,,moneyline,
2026-08-09,baseball_mlb,Colorado Rockies @ St. Louis Cardinals,"Aug 09, 2026 06:15 PM UTC",St. Louis Cardinals,Michael McGreevy,2.22,27.1,57.2,70,9,[-1.5 run line] St. Louis Cardinals gets a start from Michael McGreevy (3.59 ERA); backed by the #22 bullpen in MLB (3.81 ERA); holds the better season record (49% vs 39%).,,,spread,-1.5
2026-08-09,baseball_mlb,Detroit Tigers @ San Francisco Giants,"Aug 09, 2026 08:05 PM UTC",Detroit Tigers,Troy Melton,1.83,5.7,57.8,60,9,"Detroit Tigers gets a start from Troy Melton (1.58 ERA); backed by the #15 bullpen in MLB (3.49 ERA); is playing better lately (7-3 in their last 10); brings a stronger offense (4.58 vs 4.14 runs/game); holds the better season record (48% vs 41%). Game at a pitcher-friendly park (factor 94), lower-scoring environment likely.",,,moneyline,
2026-08-09,baseball_mlb,Detroit Tigers @ San Francisco Giants,"Aug 09, 2026 08:05 PM UTC",Detroit Tigers,Troy Melton,2.42,26.0,52.1,69,9,"[-1.5 run line] Detroit Tigers gets a start from Troy Melton (1.58 ERA); backed by the #15 bullpen in MLB (3.49 ERA); is playing better lately (7-3 in their last 10); brings a stronger offense (4.58 vs 4.14 runs/game); holds the better season record (48% vs 41%). Game at a pitcher-friendly park (factor 94), lower-scoring environment likely.",,,spread,-1.5
2026-08-09,baseball_mlb,Houston Astros @ San Diego Padres,"Aug 10, 2026 12:20 AM UTC",San Diego Padres,Unannounced,1.82,2.1,56.0,55,9,San Diego Padres backed by the #2 bullpen in MLB (2.78 ERA); has been strong at home this season (55%).,,,moneyline,
2026-08-09,baseball_mlb,Houston Astros @ San Diego Padres,"Aug 10, 2026 12:20 AM UTC",San Diego Padres,Unannounced,2.49,22.3,49.1,54,9,[-1.5 run line] San Diego Padres backed by the #2 bullpen in MLB (2.78 ERA); has been strong at home this season (55%).,,,spread,-1.5
2026-08-09,basketball_wnba,Phoenix Mercury @ Washington Mystics,"Aug 09, 2026 07:00 PM UTC",Washington Mystics,Unannounced,1.76,24.0,70.4,81,9,Washington Mystics plays stronger defense (82.86667 vs 87.21212 points allowed/game); is playing better lately (8-2 in their last 10); opponent missing Jovana Nogic; holds the better season record (60% vs 36%); has been strong at home this season (62%).,,,moneyline,
2026-08-09,basketball_wnba,Dallas Wings @ Minnesota Lynx,"Aug 09, 2026 07:30 PM UTC",Minnesota Lynx,Unannounced,1.43,-2.2,68.4,59,9,"Minnesota Lynx brings a stronger offense (92.545456 vs 88.84375 points/game); opponent missing Alysha Clark, Costanza Verona; plays stronger defense (83.63636 vs 85.71875 points allowed/game); is playing better lately (9-1 in their last 10); has been strong at home this season (72%); holds the better season record (78% vs 59%).",,,moneyline,
